<?xml version="1.0" encoding="UTF-8"?>
<project-private xmlns="http://www.netbeans.org/ns/project-private/1">
    <editor-bookmarks xmlns="http://www.netbeans.org/ns/editor-bookmarks/2" lastBookmarkId="0"/>
    <open-files xmlns="http://www.netbeans.org/ns/projectui-open-files/2">
        <group>
            <file>file:/C:/Users/pizzo_davide/Es2DEBITOPIZZO/src/es2debitopizzo/Es2DEBITOPIZZO.java</file>
            <file>file:/C:/Users/pizzo_davide/Es2DEBITOPIZZO/src/es2debitopizzo/DatiCondivisi.java</file>
            <file>file:/C:/Users/pizzo_davide/Es2DEBITOPIZZO/src/es2debitopizzo/ThVisualizza.java</file>
            <file>file:/C:/Users/pizzo_davide/Es2DEBITOPIZZO/src/es2debitopizzo/ThDicianovetrentasei.java</file>
            <file>file:/C:/Users/pizzo_davide/Es2DEBITOPIZZO/src/es2debitopizzo/ThGenera.java</file>
            <file>file:/C:/Users/pizzo_davide/Es2DEBITOPIZZO/src/es2debitopizzo/ThUnoDiciotto.java</file>
        </group>
    </open-files>
</project-private>
